{
    "accuracy": 0.375,
    "precision": 0.5562298993671542,
    "recall": 0.375,
    "f1_score": 0.34672394442509386
}