{
    "accuracy": 0.9545454545454546,
    "precision": 0.9621212121212122,
    "recall": 0.9545454545454546,
    "f1_score": 0.9540863177226814
}